Workbook

Sheet KPI 儀表板
A1: 小資效率實驗室 — KPI 儀表板
A2: =TEXT(TODAY(),"yyyy-mm") | B2: ← 本月（自動）
A4: 指標 | B4: 本月 | C4: 上月 | D4: 累計 | E4: 說明
A5: 貼文數 | B5: =COUNTIFS(貼文日誌!A:A,">="&DATE(YEAR(TODAY()),MONTH(TODAY()),1),貼文日誌!A:A,"<"&EDATE(DATE(YEAR(TODAY()),MONTH(TODAY()),1),1)) | C5: =COUNTIFS(貼文日誌!A:A,">="&EDATE(DATE(YEAR(TODAY()),MONTH(TODAY()),1),-1),貼文日誌!A:A,"<"&DATE(YEAR(TODAY()),MONTH(TODAY()),1)) | D5: =COUNTA(貼文日誌!A2:A1000) | E5: 創作者分級看「創作天數」，每天至少 1 篇
A6: 點擊 | B6: =SUMIFS(每日數據!C:C,每日數據!H:H,$A$2) | C6: =SUMIFS(每日數據!C:C,每日數據!H:H,TEXT(EDATE(TODAY(),-1),"yyyy-mm")) | D6: =SUM(每日數據!C2:C1000)
A7: 訂單 | B7: =SUMIFS(每日數據!D:D,每日數據!H:H,$A$2) | C7: =SUMIFS(每日數據!D:D,每日數據!H:H,TEXT(EDATE(TODAY(),-1),"yyyy-mm")) | D7: =SUM(每日數據!D2:D1000) | E7: 等級 1 要日均 ≥1 單；等級 2 要日均 ≥10 單
A8: 訂單金額 | B8: =SUMIFS(每日數據!E:E,每日數據!H:H,$A$2) | C8: =SUMIFS(每日數據!E:E,每日數據!H:H,TEXT(EDATE(TODAY(),-1),"yyyy-mm")) | D8: =SUM(每日數據!E2:E1000)
A9: 分潤金（預估） | B9: =SUMIFS(每日數據!F:F,每日數據!H:H,$A$2) | C9: =SUMIFS(每日數據!F:F,每日數據!H:H,TEXT(EDATE(TODAY(),-1),"yyyy-mm")) | D9: =SUM(每日數據!F2:F1000) | E9: 以後台對帳為準
A10: 轉換率（訂單/點擊） | B10: =IF(B6=0,"",B7/B6) | C10: =IF(C6=0,"",C7/C6) | D10: =IF(D6=0,"",D7/D6) | E10: 健康值 2-5%
A11: 每單平均分潤 | B11: =IF(B7=0,"",B9/B7) | C11: =IF(C7=0,"",C9/C7) | D11: =IF(D7=0,"",D9/D7) | E11: 太低 → 換高單價或加碼商品
A12: 每篇貼文帶來分潤 | B12: =IF(B5=0,"",B9/B5) | C12: =IF(C5=0,"",C9/C5) | D12: =IF(D5=0,"",D9/D5) | E12: 衡量內容效率
A15: 目標達成 | B15: 目標 | C15: 本月分潤 | D15: 達成率
A16: 第 1 個月目標 | B16: 500 | C16: =B9 | D16: =IF(B16=0,0,C16/B16)
A17: 第 3 個月目標 | B17: 5000 | C17: =B9 | D17: =IF(B17=0,0,C17/B17)
A18: 第 6 個月目標 | B18: 20000 | C18: =B9 | D18: =IF(B18=0,0,C18/B18)
A20: 提領狀態 | B20: =IF(D9>=500,"✅ 累計已達 500，可到後台申請提領","未達 500，繼續累積")

Sheet 使用說明
A1: 小資效率實驗室 — 蝦皮分潤營運追蹤表
A3: 顏色規則：黃底 = 你要填的；米底 = 公式自動算，不要動。
A5: 每天 5 分鐘：
A6: 1. 發完文 → 到「貼文日誌」登記日期、平台、商品、sub_id。
A7: 2. 打開 affiliate.shopee.tw 後台 → 把當天的點擊、訂單、分潤填進「每日數據」。
A8: 3. 看「KPI 儀表板」，本月目標達成率一眼就知道。
A10: 每月 1 號：
A11: 1. 後台會產生上月「對帳明細」→ 把金額填進「月結對帳」的「後台對帳金額」。
A12: 2. 累積達 NT$500 就申請提領；收到勞報單後 5 個工作日內回傳。
A13: 3. 如果「營業稅警示」變紅（單月 ≥ NT$50,000），要開始準備公司戶，詳見 05-請款稅務與合規.md。
A15: 匯入 Google Sheets：檔案 → 匯入 → 上傳這個 xlsx，公式會保留。
A17: 重跑 python scripts/shopee_tracker.py 會覆蓋這個檔案，所以開始填數據後請另存一份，或改用 Google Sheets 版本。

Sheet 選品庫
A1: ID | B1: 利基 | C1: 分類 | D1: 商品名稱 | E1: 售價 | F1: 預估分潤% | G1: 預估每單分潤 | H1: 賣點 | I1: 痛點 | J1: 受眾 | K1: 蝦皮網址 | L1: 分潤短連結 | M1: 狀態 | N1: 備註
A2: P001 | B2: home | C2: 居家收納 | D2: 免釘壁掛收納架（3入） | E2: 299 | F2: 0.03 | G2: =MIN(E2*F2,500) | H2: 免打孔不傷牆、承重 5kg、浴室廚房都能用 | I2: 租屋不能釘牆、東西沒地方放 | J2: 租屋族 | K2: https://shopee.tw/product/SHOPID/ITEMID | M2: idea | N2: 範例資料：請換成真實商品網址
A3: P002 | B3: home | C3: 居家收納 | D3: 衣櫃分層伸縮隔板 | E3: 189 | F3: 0.03 | G3: =MIN(E3*F3,500) | H3: 免工具安裝、寬度可調 38-60cm、衣櫃空間翻倍 | I3: 衣櫃上層塞成一團拿不到 | J3: 租屋族/小家庭 | K3: https://shopee.tw/product/SHOPID/ITEMID | M3: idea | N3: 範例資料：請換成真實商品網址
A4: P003 | B4: home | C4: 居家收納 | D4: 真空壓縮收納袋（8入） | E4: 359 | F4: 0.03 | G4: =MIN(E4*F4,500) | H4: 換季衣物體積減 70%、附手泵、可重複使用 | I4: 換季棉被衣服爆滿 | J4: 租屋族 | K4: https://shopee.tw/product/SHOPID/ITEMID | M4: idea | N4: 範例資料：請換成真實商品網址
A5: P004 | B5: home | C5: 居家收納 | D5: 床邊掛袋收納 | E5: 159 | F5: 0.03 | G5: =MIN(E5*F5,500) | H5: 手機遙控器一袋收、免安裝、多色 | I5: 床頭沒地方放東西 | J5: 學生/租屋族 | K5: https://shopee.tw/product/SHOPID/ITEMID | M5: idea | N5: 範例資料：請換成真實商品網址
A6: P005 | B6: desk | C6: 3C 配件 | D6: 實木螢幕增高架 | E6: 699 | F6: 0.05 | G6: =MIN(E6*F6,500) | H6: 墊高 8cm 改善頸椎角度、下方可收鍵盤、質感好拍 | I6: 低頭看螢幕肩頸痠 | J6: 上班族/遠端工作者 | K6: https://shopee.tw/product/SHOPID/ITEMID | M6: idea | N6: 範例資料：請換成真實商品網址
A7: P006 | B7: desk | C7: 3C 配件 | D7: 桌下理線盒（含束帶） | E7: 329 | F7: 0.05 | G7: =MIN(E7*F7,500) | H7: 電線延長線全藏、磁吸開蓋、桌面瞬間清爽 | I7: 桌下電線像義大利麵 | J7: 上班族 | K7: https://shopee.tw/product/SHOPID/ITEMID | M7: idea | N7: 範例資料：請換成真實商品網址
A8: P007 | B8: desk | C8: 3C 配件 | D8: USB-C 7合1 擴充埠 | E8: 899 | F8: 0.05 | G8: =MIN(E8*F8,500) | H8: HDMI 4K、PD 100W 充電、SD 讀卡 | I8: 筆電只有兩個孔 | J8: 上班族/學生 | K8: https://shopee.tw/product/SHOPID/ITEMID | M8: idea | N8: 範例資料：請換成真實商品網址
A9: P008 | B9: desk | C9: 3C 配件 | D9: 人體工學垂直滑鼠 | E9: 590 | F9: 0.05 | G9: =MIN(E9*F9,500) | H9: 握姿像握手、手腕不再痠、無線靜音 | I9: 用滑鼠用到手腕痛 | J9: 上班族 | K9: https://shopee.tw/product/SHOPID/ITEMID | M9: idea | N9: 範例資料：請換成真實商品網址
A10: P009 | B10: kitchen | C10: 生活家電 | D10: 迷你氣炸鍋 3.5L | E10: 1290 | F10: 0.07 | G10: =MIN(E10*F10,500) | H10: 一人份剛好、免油少煙、可拆洗 | I10: 下班太累不想開火 | J10: 租屋族/小家庭 | K10: https://shopee.tw/product/SHOPID/ITEMID | M10: idea | N10: 範例資料：請換成真實商品網址
A11: P010 | B11: kitchen | C11: 生活家電 | D11: 多功能電煮鍋 1.5L | E11: 699 | F11: 0.07 | G11: =MIN(E11*F11,500) | H11: 煮麵火鍋蒸蛋一鍋搞定、宿舍可用、不沾內鍋 | I11: 宿舍不能開火 | J11: 學生/租屋族 | K11: https://shopee.tw/product/SHOPID/ITEMID | M11: idea | N11: 範例資料：請換成真實商品網址
A12: P011 | B12: money | C12: 文具 | D12: 信封預算分帳夾（12格） | E12: 249 | F12: 0.02 | G12: =MIN(E12*F12,500) | H12: 薪水一到手先分 12 格、透明看得見、搭配記帳表 | I12: 月底總是沒錢 | J12: 小資族/理財新手 | K12: https://shopee.tw/product/SHOPID/ITEMID | M12: idea | N12: 範例資料：可與 SheetCraft 預算模板一起推
A13: P012 | B13: money | C13: 文具 | D13: 無時效手帳記帳本 | E13: 329 | F13: 0.02 | G13: =MIN(E13*F13,500) | H13: 任何月份開始都行、每日支出欄、年度總覽頁 | I13: 記帳 App 懶得開 | J13: 小資族 | K13: https://shopee.tw/product/SHOPID/ITEMID | M13: idea | N13: 範例資料：可與 SheetCraft 預算模板一起推

Sheet 貼文日誌
A1: 日期 | B1: 平台 | C1: 貼文類型 | D1: 商品 ID | E1: 商品名稱 | F1: sub_id | G1: 貼文網址 | H1: 觸及 | I1: 互動數 | J1: 備註
E2: =IF(D2="","",IFERROR(VLOOKUP(D2,選品庫!A:D,4,FALSE),"找不到"))
E3: =IF(D3="","",IFERROR(VLOOKUP(D3,選品庫!A:D,4,FALSE),"找不到"))
E4: =IF(D4="","",IFERROR(VLOOKUP(D4,選品庫!A:D,4,FALSE),"找不到"))
E5: =IF(D5="","",IFERROR(VLOOKUP(D5,選品庫!A:D,4,FALSE),"找不到"))
E6: =IF(D6="","",IFERROR(VLOOKUP(D6,選品庫!A:D,4,FALSE),"找不到"))
E7: =IF(D7="","",IFERROR(VLOOKUP(D7,選品庫!A:D,4,FALSE),"找不到"))
E8: =IF(D8="","",IFERROR(VLOOKUP(D8,選品庫!A:D,4,FALSE),"找不到"))
E9: =IF(D9="","",IFERROR(VLOOKUP(D9,選品庫!A:D,4,FALSE),"找不到"))
E10: =IF(D10="","",IFERROR(VLOOKUP(D10,選品庫!A:D,4,FALSE),"找不到"))
E11: =IF(D11="","",IFERROR(VLOOKUP(D11,選品庫!A:D,4,FALSE),"找不到"))
E12: =IF(D12="","",IFERROR(VLOOKUP(D12,選品庫!A:D,4,FALSE),"找不到"))
E13: =IF(D13="","",IFERROR(VLOOKUP(D13,選品庫!A:D,4,FALSE),"找不到"))
... E401: =IF(D401="","",IFERROR(VLOOKUP(D401,選品庫!A:D,4,FALSE),"找不到"))

Sheet 每日數據
A1: 日期 | B1: 平台 | C1: 點擊 | D1: 訂單數 | E1: 訂單金額 | F1: 分潤金（後台預估） | G1: 備註 | H1: 月份（自動）
H2: =IF(A2="","",TEXT(A2,"yyyy-mm"))
H3: =IF(A3="","",TEXT(A3,"yyyy-mm"))
H4: =IF(A4="","",TEXT(A4,"yyyy-mm"))
H5: =IF(A5="","",TEXT(A5,"yyyy-mm"))
H6: =IF(A6="","",TEXT(A6,"yyyy-mm"))
H7: =IF(A7="","",TEXT(A7,"yyyy-mm"))
H8: =IF(A8="","",TEXT(A8,"yyyy-mm"))
H9: =IF(A9="","",TEXT(A9,"yyyy-mm"))
H10: =IF(A10="","",TEXT(A10,"yyyy-mm"))
H11: =IF(A11="","",TEXT(A11,"yyyy-mm"))
H12: =IF(A12="","",TEXT(A12,"yyyy-mm"))
H13: =IF(A13="","",TEXT(A13,"yyyy-mm"))
... H401: =IF(A401="","",TEXT(A401,"yyyy-mm"))

Sheet 月結對帳
A1: 月份 | B1: 點擊（自動） | C1: 訂單（自動） | D1: 預估分潤（自動） | E1: 後台對帳金額 | F1: 差異 | G1: 累積未提領 | H1: 可提領？ | I1: 營業稅警示 | J1: 勞報單已回傳 | K1: 入帳日 | L1: 備註
A2: 2026-10 | B2: =SUMIFS(每日數據!C:C,每日數據!H:H,A2) | C2: =SUMIFS(每日數據!D:D,每日數據!H:H,A2) | D2: =SUMIFS(每日數據!F:F,每日數據!H:H,A2) | F2: =IF(E2="","",E2-D2) | G2: =IF(E2="","",0+E2-IF(K2="",0,0+E2)) | H2: =IF(E2="","",IF(G2>=500,"✅ 可提領","未達 500，累積到下月")) | I2: =IF(E2="","",IF(E2>=50000,"⚠️ 達 5 萬，需轉公司戶",IF(E2>=40000,"接近 5 萬，提前準備","OK")))
A3: 2026-11 | B3: =SUMIFS(每日數據!C:C,每日數據!H:H,A3) | C3: =SUMIFS(每日數據!D:D,每日數據!H:H,A3) | D3: =SUMIFS(每日數據!F:F,每日數據!H:H,A3) | F3: =IF(E3="","",E3-D3) | G3: =IF(E3="","",N(G2)+E3-IF(K3="",0,N(G2)+E3)) | H3: =IF(E3="","",IF(G3>=500,"✅ 可提領","未達 500，累積到下月")) | I3: =IF(E3="","",IF(E3>=50000,"⚠️ 達 5 萬，需轉公司戶",IF(E3>=40000,"接近 5 萬，提前準備","OK")))
A4: 2026-12 | B4: =SUMIFS(每日數據!C:C,每日數據!H:H,A4) | C4: =SUMIFS(每日數據!D:D,每日數據!H:H,A4) | D4: =SUMIFS(每日數據!F:F,每日數據!H:H,A4) | F4: =IF(E4="","",E4-D4) | G4: =IF(E4="","",N(G3)+E4-IF(K4="",0,N(G3)+E4)) | H4: =IF(E4="","",IF(G4>=500,"✅ 可提領","未達 500，累積到下月")) | I4: =IF(E4="","",IF(E4>=50000,"⚠️ 達 5 萬，需轉公司戶",IF(E4>=40000,"接近 5 萬，提前準備","OK")))
A5: 2027-01 | B5: =SUMIFS(每日數據!C:C,每日數據!H:H,A5) | C5: =SUMIFS(每日數據!D:D,每日數據!H:H,A5) | D5: =SUMIFS(每日數據!F:F,每日數據!H:H,A5) | F5: =IF(E5="","",E5-D5) | G5: =IF(E5="","",N(G4)+E5-IF(K5="",0,N(G4)+E5)) | H5: =IF(E5="","",IF(G5>=500,"✅ 可提領","未達 500，累積到下月")) | I5: =IF(E5="","",IF(E5>=50000,"⚠️ 達 5 萬，需轉公司戶",IF(E5>=40000,"接近 5 萬，提前準備","OK")))
A6: 2027-02 | B6: =SUMIFS(每日數據!C:C,每日數據!H:H,A6) | C6: =SUMIFS(每日數據!D:D,每日數據!H:H,A6) | D6: =SUMIFS(每日數據!F:F,每日數據!H:H,A6) | F6: =IF(E6="","",E6-D6) | G6: =IF(E6="","",N(G5)+E6-IF(K6="",0,N(G5)+E6)) | H6: =IF(E6="","",IF(G6>=500,"✅ 可提領","未達 500，累積到下月")) | I6: =IF(E6="","",IF(E6>=50000,"⚠️ 達 5 萬，需轉公司戶",IF(E6>=40000,"接近 5 萬，提前準備","OK")))
A7: 2027-03 | B7: =SUMIFS(每日數據!C:C,每日數據!H:H,A7) | C7: =SUMIFS(每日數據!D:D,每日數據!H:H,A7) | D7: =SUMIFS(每日數據!F:F,每日數據!H:H,A7) | F7: =IF(E7="","",E7-D7) | G7: =IF(E7="","",N(G6)+E7-IF(K7="",0,N(G6)+E7)) | H7: =IF(E7="","",IF(G7>=500,"✅ 可提領","未達 500，累積到下月")) | I7: =IF(E7="","",IF(E7>=50000,"⚠️ 達 5 萬，需轉公司戶",IF(E7>=40000,"接近 5 萬，提前準備","OK")))
A8: 2027-04 | B8: =SUMIFS(每日數據!C:C,每日數據!H:H,A8) | C8: =SUMIFS(每日數據!D:D,每日數據!H:H,A8) | D8: =SUMIFS(每日數據!F:F,每日數據!H:H,A8) | F8: =IF(E8="","",E8-D8) | G8: =IF(E8="","",N(G7)+E8-IF(K8="",0,N(G7)+E8)) | H8: =IF(E8="","",IF(G8>=500,"✅ 可提領","未達 500，累積到下月")) | I8: =IF(E8="","",IF(E8>=50000,"⚠️ 達 5 萬，需轉公司戶",IF(E8>=40000,"接近 5 萬，提前準備","OK")))
A9: 2027-05 | B9: =SUMIFS(每日數據!C:C,每日數據!H:H,A9) | C9: =SUMIFS(每日數據!D:D,每日數據!H:H,A9) | D9: =SUMIFS(每日數據!F:F,每日數據!H:H,A9) | F9: =IF(E9="","",E9-D9) | G9: =IF(E9="","",N(G8)+E9-IF(K9="",0,N(G8)+E9)) | H9: =IF(E9="","",IF(G9>=500,"✅ 可提領","未達 500，累積到下月")) | I9: =IF(E9="","",IF(E9>=50000,"⚠️ 達 5 萬，需轉公司戶",IF(E9>=40000,"接近 5 萬，提前準備","OK")))
A10: 2027-06 | B10: =SUMIFS(每日數據!C:C,每日數據!H:H,A10) | C10: =SUMIFS(每日數據!D:D,每日數據!H:H,A10) | D10: =SUMIFS(每日數據!F:F,每日數據!H:H,A10) | F10: =IF(E10="","",E10-D10) | G10: =IF(E10="","",N(G9)+E10-IF(K10="",0,N(G9)+E10)) | H10: =IF(E10="","",IF(G10>=500,"✅ 可提領","未達 500，累積到下月")) | I10: =IF(E10="","",IF(E10>=50000,"⚠️ 達 5 萬，需轉公司戶",IF(E10>=40000,"接近 5 萬，提前準備","OK")))
A11: 2027-07 | B11: =SUMIFS(每日數據!C:C,每日數據!H:H,A11) | C11: =SUMIFS(每日數據!D:D,每日數據!H:H,A11) | D11: =SUMIFS(每日數據!F:F,每日數據!H:H,A11) | F11: =IF(E11="","",E11-D11) | G11: =IF(E11="","",N(G10)+E11-IF(K11="",0,N(G10)+E11)) | H11: =IF(E11="","",IF(G11>=500,"✅ 可提領","未達 500，累積到下月")) | I11: =IF(E11="","",IF(E11>=50000,"⚠️ 達 5 萬，需轉公司戶",IF(E11>=40000,"接近 5 萬，提前準備","OK")))
A12: 2027-08 | B12: =SUMIFS(每日數據!C:C,每日數據!H:H,A12) | C12: =SUMIFS(每日數據!D:D,每日數據!H:H,A12) | D12: =SUMIFS(每日數據!F:F,每日數據!H:H,A12) | F12: =IF(E12="","",E12-D12) | G12: =IF(E12="","",N(G11)+E12-IF(K12="",0,N(G11)+E12)) | H12: =IF(E12="","",IF(G12>=500,"✅ 可提領","未達 500，累積到下月")) | I12: =IF(E12="","",IF(E12>=50000,"⚠️ 達 5 萬，需轉公司戶",IF(E12>=40000,"接近 5 萬，提前準備","OK")))
A13: 2027-09 | B13: =SUMIFS(每日數據!C:C,每日數據!H:H,A13) | C13: =SUMIFS(每日數據!D:D,每日數據!H:H,A13) | D13: =SUMIFS(每日數據!F:F,每日數據!H:H,A13) | F13: =IF(E13="","",E13-D13) | G13: =IF(E13="","",N(G12)+E13-IF(K13="",0,N(G12)+E13)) | H13: =IF(E13="","",IF(G13>=500,"✅ 可提領","未達 500，累積到下月")) | I13: =IF(E13="","",IF(E13>=50000,"⚠️ 達 5 萬，需轉公司戶",IF(E13>=40000,"接近 5 萬，提前準備","OK")))
A14: 2027-10 | B14: =SUMIFS(每日數據!C:C,每日數據!H:H,A14) | C14: =SUMIFS(每日數據!D:D,每日數據!H:H,A14) | D14: =SUMIFS(每日數據!F:F,每日數據!H:H,A14) | F14: =IF(E14="","",E14-D14) | G14: =IF(E14="","",N(G13)+E14-IF(K14="",0,N(G13)+E14)) | H14: =IF(E14="","",IF(G14>=500,"✅ 可提領","未達 500，累積到下月")) | I14: =IF(E14="","",IF(E14>=50000,"⚠️ 達 5 萬，需轉公司戶",IF(E14>=40000,"接近 5 萬，提前準備","OK")))
... A19: 2028-03 | B19: =SUMIFS(每日數據!C:C,每日數據!H:H,A19) | C19: =SUMIFS(每日數據!D:D,每日數據!H:H,A19) | D19: =SUMIFS(每日數據!F:F,每日數據!H:H,A19) | F19: =IF(E19="","",E19-D19) | G19: =IF(E19="","",N(G18)+E19-IF(K19="",0,N(G18)+E19)) | H19: =IF(E19="","",IF(G19>=500,"✅ 可提領","未達 500，累積到下月")) | I19: =IF(E19="","",IF(E19>=50000,"⚠️ 達 5 萬，需轉公司戶",IF(E19>=40000,"接近 5 萬，提前準備","OK")))
A21: 「累積未提領」邏輯：加上本月後台金額；當「入帳日」填入時視為已提領、歸零。「營業稅警示」依單月後台金額判斷。

Sheet 收入模型
A1: 收入模型（改黃色格子，其他自動算）
A3: 假設 | B3: 保守 | C3: 基準 | D3: 積極 | E3: 說明
A4: 每月貼文數 | B4: 45 | C4: 60 | D4: 90 | E4: Threads 2 篇/天 ≈ 60
A5: 平均每篇觸及 | B5: 400 | C5: 800 | D5: 1800 | E5: 新帳號前 30 篇通常 100-500
A6: 連結點擊率 | B6: 0.015 | C6: 0.025 | D6: 0.035 | E6: 留言區連結 1-4%
A7: 7 天內轉換率 | B7: 0.02 | C7: 0.03 | D7: 0.04 | E7: 點了連結後下單的比例
A8: 平均訂單金額 | B8: 450 | C8: 550 | D8: 650 | E8: 一張訂單整筆都算分潤
A9: 平均分潤率 | B9: 0.015 | C9: 0.03 | D9: 0.04 | E9: 一般 1%、萬粉 5%、加碼 10%
A10: 單筆分潤上限 | B10: 500 | C10: 500 | D10: 500 | E10: 蝦皮規定；YouTube 訂單 800
A11: 月點擊 | B11: =B4*B5*B6 | C11: =C4*C5*C6 | D11: =D4*D5*D6
A12: 月訂單 | B12: =B11*B7 | C12: =C11*C7 | D12: =D11*D7
A13: 每單分潤 | B13: =MIN(B8*B9,B10) | C13: =MIN(C8*C9,C10) | D13: =MIN(D8*D9,D10)
A14: 月分潤 | B14: =B12*B13 | C14: =C12*C13 | D14: =D12*D13
A15: 投入時數（每篇 0.5h） | B15: =B4*0.5 | C15: =C4*0.5 | D15: =D4*0.5
A16: 時薪 | B16: =IF(B15=0,0,B14/B15) | C16: =IF(C15=0,0,C14/C15) | D16: =IF(D15=0,0,D14/D15)
A18: 目標（來自 config）
A19: 第 1 個月 | B19: 500 | C19: =IF(B19=0,"",TEXT(C14/B19,"0%")&" （基準情境達成率）")
A20: 第 3 個月 | B20: 5000 | C20: =IF(B20=0,"",TEXT(C14/B20,"0%")&" （基準情境達成率）")
A21: 第 6 個月 | B21: 20000 | C21: =IF(B21=0,"",TEXT(C14/B21,"0%")&" （基準情境達成率）")
